USE innovate_dev_db;

INSERT INTO Major VALUES ("Computer Science");
INSERT INTO Major VALUES ("a");
INSERT INTO Major VALUES ("Computer Engineering");
INSERT INTO Major VALUES ("Aerospace Engineering");
INSERT INTO Major VALUES ("Mechanical Engineering");
INSERT INTO Major VALUES ("Fine Arts");
INSERT INTO Major VALUES ("Physics");
INSERT INTO Major VALUES ("Mathemathics");
INSERT INTO Major VALUES ("Industrial Engineering");

--
INSERT INTO Student VALUES (null, "a", "a", "a", "a", "a@ucf.edu", 0.0, 0.0, null);
INSERT INTO Student VALUES (null, "buraj_card_id", "buraj", "bingireddy", "Computer Science", "burajbingireddy@knights.ucf.edu", 0.0, 0.0, null);

INSERT INTO Student VALUES (null, "1234567", "Mary", "Smith", "Computer Science", "mary.smith@ucf.edu", 0.0, 0.0, null);
INSERT INTO Student VALUES (null, "1234568", "John", "Diaz", "Computer Science", "john.diaz@knights.ucf.edu", 0.0, 0.0, null);
INSERT INTO Student VALUES (null, "1234569", "Josh", "Gonzalez", "Fine Arts", "j.g@ucf.edu", 0.0, 0.0, null);
INSERT INTO Student VALUES (null, "1234570", "John", "Williams", "Fine Arts", "john.williams@ucf.edu", 0.0, 0.0, null);
INSERT INTO Student VALUES (null, "1234571", "Joe", "Jones", "Physics", "joe.johns@ucf.edu", 0.0, 0.0, null);
INSERT INTO Student VALUES (null, "1234572", "Alice", "Davis", "Computer Science", "a.davis@ucf.edu", 0.0, 0.0, null);
INSERT INTO Student VALUES (null, "1234573", "Bill", "Brown", "Aerospace Engineering", "billbrown@ucf.edu", 0.0, 0.0, null);
INSERT INTO Student VALUES (null, "1234574", "Bell", "Miller", "Fine Arts", "bellmiller88@ucf.edu", 0.0, 0.0, null);
INSERT INTO Student VALUES (null, "1234575", "Katy", "Johnson", "Computer Engineering", "k.johnson@ucf.edu", 0.0, 0.0, null);
INSERT INTO Student VALUES (null, "1234576", "Gavin", "Johnson", "Computer Engineering", "g.j@ucf.edu", 0.0, 0.0, null);
INSERT INTO Student VALUES (null, "1234577", "Jim", "Jimmson", "Mechanical Engineering", "jim.jim@ucf.edu", 0.0, 0.0, null);
INSERT INTO Student VALUES (null, "1234578", "Bill", "McAllison", "Computer Engineering", "mcallison@ucf.edu", 0.0, 0.0, null);
INSERT INTO Student VALUES (null, "1234579", "Melvin", "James", "Computer Engineering", "melv.james@ucf.edu", 0.0, 0.0, null);


INSERT INTO Lab_Status VALUES (2, "2000-06-15", "2000-06-15 09:15:00", null);
INSERT INTO Lab_Status VALUES (2, "2010-06-15", "2010-06-15 09:15:00", null);
INSERT INTO Lab_Status VALUES (2, "2011-06-15", "2011-06-15 09:15:00", null);
INSERT INTO Lab_Status VALUES (2, "2012-06-15", "2012-06-15 09:15:00", null);
INSERT INTO Lab_Status VALUES (2, "2013-06-15", "2013-06-15 09:15:00", null);
INSERT INTO Lab_Status VALUES (2, "2014-06-15", "2014-06-15 09:15:00", null);
INSERT INTO Lab_Status VALUES (2, "2015-06-15", "2015-06-15 09:15:00", null);
INSERT INTO Lab_Status VALUES (2, "2016-06-15", "2016-06-15 09:15:00", null);
INSERT INTO Lab_Status VALUES (2, "2017-06-15", "2017-06-15 09:15:00", null);
INSERT INTO Lab_Status VALUES (2, "2018-06-15", "2018-06-15 09:15:00", null);


INSERT INTO Lab_Status VALUES (3, "2018-11-28", NOW(), null);
INSERT INTO Lab_Status VALUES (4, "2018-11-28", NOW(), null);
INSERT INTO Lab_Status VALUES (5, "2018-11-28", NOW(), null);
INSERT INTO Lab_Status VALUES (6, "2018-11-28", NOW(), null);
INSERT INTO Lab_Status VALUES (7, "2018-11-28", NOW(), null);
INSERT INTO Lab_Status VALUES (8, "2018-11-28", NOW(), null);
INSERT INTO Lab_Status VALUES (9, "2018-11-28", NOW(), null);
INSERT INTO Lab_Status VALUES (10, "2018-11-28", NOW(), null);

INSERT INTO Lab_Status VALUES (3, "2018-11-29", NOW(), null);
INSERT INTO Lab_Status VALUES (4, "2018-11-29", NOW(), null);
INSERT INTO Lab_Status VALUES (5, "2018-11-29", NOW(), null);
INSERT INTO Lab_Status VALUES (6, "2018-11-29", NOW(), null);
INSERT INTO Lab_Status VALUES (7, "2018-11-29", NOW(), null);
INSERT INTO Lab_Status VALUES (8, "2018-11-29", NOW(), null);
INSERT INTO Lab_Status VALUES (9, "2018-11-29", NOW(), null);
INSERT INTO Lab_Status VALUES (10, "2018-11-29", NOW(), null);

INSERT INTO Lab_Status VALUES (3, "2018-11-30", NOW(), null);
INSERT INTO Lab_Status VALUES (4, "2018-11-30", NOW(), null);
INSERT INTO Lab_Status VALUES (5, "2018-11-30", NOW(), null);
INSERT INTO Lab_Status VALUES (6, "2018-11-30", NOW(), null);
INSERT INTO Lab_Status VALUES (7, "2018-11-30", NOW(), null);
INSERT INTO Lab_Status VALUES (8, "2018-11-30", NOW(), null);
INSERT INTO Lab_Status VALUES (9, "2018-11-30", NOW(), null);
INSERT INTO Lab_Status VALUES (10, "2018-11-30", NOW(), null);

INSERT INTO Lab_Status VALUES (3, "2018-12-01", NOW(), null);
INSERT INTO Lab_Status VALUES (4, "2018-12-01", NOW(), null);
INSERT INTO Lab_Status VALUES (5, "2018-12-01", NOW(), null);
INSERT INTO Lab_Status VALUES (6, "2018-12-01", NOW(), null);
INSERT INTO Lab_Status VALUES (7, "2018-12-01", NOW(), null);
INSERT INTO Lab_Status VALUES (8, "2018-12-01", NOW(), null);
INSERT INTO Lab_Status VALUES (9, "2018-12-01", NOW(), null);
INSERT INTO Lab_Status VALUES (10, "2018-12-01", NOW(), null);

INSERT INTO Lab_Status VALUES (3, "2018-12-02", NOW(), null);
INSERT INTO Lab_Status VALUES (4, "2018-12-02", NOW(), null);
INSERT INTO Lab_Status VALUES (5, "2018-12-02", NOW(), null);
INSERT INTO Lab_Status VALUES (6, "2018-12-02", NOW(), null);
INSERT INTO Lab_Status VALUES (7, "2018-12-02", NOW(), null);
INSERT INTO Lab_Status VALUES (8, "2018-12-02", NOW(), null);
INSERT INTO Lab_Status VALUES (9, "2018-12-02", NOW(), null);
INSERT INTO Lab_Status VALUES (10, "2018-12-02", NOW(), null);

INSERT INTO Lab_Status VALUES (3, "2018-12-03", NOW(), null);
INSERT INTO Lab_Status VALUES (4, "2018-12-03", NOW(), null);
INSERT INTO Lab_Status VALUES (5, "2018-12-03", NOW(), null);
INSERT INTO Lab_Status VALUES (6, "2018-12-03", NOW(), null);
INSERT INTO Lab_Status VALUES (7, "2018-12-03", NOW(), null);
INSERT INTO Lab_Status VALUES (8, "2018-12-03", NOW(), null);
INSERT INTO Lab_Status VALUES (9, "2018-12-03", NOW(), null);
INSERT INTO Lab_Status VALUES (10, "2018-12-03", NOW(), null);

INSERT INTO Lab_Status VALUES (3, "2018-12-04", NOW(), null);
INSERT INTO Lab_Status VALUES (4, "2018-12-04", NOW(), null);
INSERT INTO Lab_Status VALUES (5, "2018-12-04", NOW(), null);
INSERT INTO Lab_Status VALUES (6, "2018-12-04", NOW(), null);
INSERT INTO Lab_Status VALUES (7, "2018-12-04", NOW(), null);
INSERT INTO Lab_Status VALUES (8, "2018-12-04", NOW(), null);
INSERT INTO Lab_Status VALUES (9, "2018-12-04", NOW(), null);
INSERT INTO Lab_Status VALUES (10, "2018-12-04", NOW(), null);

INSERT INTO Lab_Status VALUES (3, "2018-12-05", NOW(), null);
INSERT INTO Lab_Status VALUES (4, "2018-12-05", NOW(), null);
INSERT INTO Lab_Status VALUES (5, "2018-12-05", NOW(), null);
INSERT INTO Lab_Status VALUES (6, "2018-12-05", NOW(), null);
INSERT INTO Lab_Status VALUES (7, "2018-12-05", NOW(), null);
INSERT INTO Lab_Status VALUES (8, "2018-12-05", NOW(), null);
INSERT INTO Lab_Status VALUES (9, "2018-12-05", NOW(), null);
INSERT INTO Lab_Status VALUES (10, "2018-12-05", NOW(), null);

INSERT INTO Lab_Status VALUES (3, "2018-12-06", NOW(), null);
INSERT INTO Lab_Status VALUES (4, "2018-12-06", NOW(), null);
INSERT INTO Lab_Status VALUES (5, "2018-12-06", NOW(), null);
INSERT INTO Lab_Status VALUES (6, "2018-12-06", NOW(), null);
INSERT INTO Lab_Status VALUES (7, "2018-12-06", NOW(), null);
INSERT INTO Lab_Status VALUES (8, "2018-12-06", NOW(), null);
INSERT INTO Lab_Status VALUES (9, "2018-12-06", NOW(), null);
INSERT INTO Lab_Status VALUES (10, "2018-12-06", NOW(), null);

INSERT INTO Lab_Status VALUES (3, "2018-12-07", NOW(), null);
INSERT INTO Lab_Status VALUES (4, "2018-12-07", NOW(), null);
INSERT INTO Lab_Status VALUES (5, "2018-12-07", NOW(), null);
INSERT INTO Lab_Status VALUES (6, "2018-12-07", NOW(), null);
INSERT INTO Lab_Status VALUES (7, "2018-12-07", NOW(), null);
INSERT INTO Lab_Status VALUES (8, "2018-12-07", NOW(), null);
INSERT INTO Lab_Status VALUES (9, "2018-12-07", NOW(), null);
INSERT INTO Lab_Status VALUES (10, "2018-12-07", NOW(), null);

INSERT INTO Lab_Status VALUES (3, "2018-12-08", NOW(), null);
INSERT INTO Lab_Status VALUES (4, "2018-12-08", NOW(), null);
INSERT INTO Lab_Status VALUES (5, "2018-12-08", NOW(), null);
INSERT INTO Lab_Status VALUES (6, "2018-12-08", NOW(), null);
INSERT INTO Lab_Status VALUES (7, "2018-12-08", NOW(), null);
INSERT INTO Lab_Status VALUES (8, "2018-12-08", NOW(), null);
INSERT INTO Lab_Status VALUES (9, "2018-12-08", NOW(), null);
INSERT INTO Lab_Status VALUES (10, "2018-12-08", NOW(), null);



INSERT INTO Lab_Status VALUES (1, CURDATE(), NOW(), null);
INSERT INTO Lab_Status VALUES (11, CURDATE(), NOW(), null);
INSERT INTO Lab_Status VALUES (12, CURDATE(), NOW(), null);
INSERT INTO Lab_Status VALUES (13, CURDATE(), NOW(), null);
INSERT INTO Lab_Status VALUES (14, CURDATE(), NOW(), null);
INSERT INTO Lab_Status VALUES (15, CURDATE(), NOW(), null);


INSERT INTO Club VALUES ("P O O P B O I S");

INSERT INTO Club VALUES ("ASME");
INSERT INTO Club VALUES ("AIAA");
INSERT INTO Club VALUES ("Senior Design Aerospace");
INSERT INTO Club VALUES ("Robotics Club");
INSERT INTO Club VALUES ("SAE Baja");
INSERT INTO Club VALUES ("SAE Formula");


INSERT INTO Student_Club VALUES (1, "P O O P B O I S");
INSERT INTO Student_Club VALUES (1, "ASME");
INSERT INTO Student_Club VALUES (1, "AIAA");
INSERT INTO Student_Club VALUES (1, "Senior Design Aerospace");
INSERT INTO Student_Club VALUES (1, "Robotics Club");

INSERT INTO Student_Club VALUES (3, "ASME");
INSERT INTO Student_Club VALUES (3, "AIAA");
INSERT INTO Student_Club VALUES (3, "Senior Design Aerospace");

INSERT INTO Student_Club VALUES (4, "Senior Design Aerospace");
INSERT INTO Student_Club VALUES (4, "Robotics Club");

INSERT INTO Student_Club VALUES (11, "Senior Design Aerospace");

INSERT INTO Student_Club VALUES (6, "Senior Design Aerospace");

INSERT INTO Student_Club VALUES (7, "ASME");
INSERT INTO Student_Club VALUES (7, "AIAA");
INSERT INTO Student_Club VALUES (7, "Senior Design Aerospace");

INSERT INTO Lab_Tech VALUES (null, 1, "suraj singireddy", "he's brown");
INSERT INTO Lab_Tech VALUES (null, 2, "Josh Hess", "he's smart");
INSERT INTO Lab_Tech VALUES (null, 3, "Olesya Nako", "she's busy");
INSERT INTO Lab_Tech VALUES (null, 4, "Lex Williams", "he's cool");
INSERT INTO Lab_Tech VALUES (null, 5, "Elizabeth James" ,"she's nice");


INSERT INTO Lab_Inventory VALUES (null, "item", "this is a cool item", 1, TRUE, TRUE);
INSERT INTO Lab_Inventory VALUES (null, "item2", "this is a cool item + 1", 2, TRUE, TRUE);
INSERT INTO Lab_Inventory VALUES (null, "item3", "this is a cool item + 2", 3, TRUE, TRUE);
INSERT INTO Lab_Inventory VALUES (null, "item4", "this is a cool item + 3", 4, TRUE, TRUE);
INSERT INTO Lab_Inventory VALUES (null, "item5", "this is a cool item + 4", 5, TRUE, TRUE);
INSERT INTO Lab_Inventory VALUES (null, "item6", "this is a cool item + 5", 6, TRUE, TRUE);
INSERT INTO Lab_Inventory VALUES (null, "item7", "this is a cool item + 6", 7, TRUE, TRUE);

INSERT INTO Lab_Inventory VALUES (null, "item8", "this is a cool item + 7", 4, FALSE, TRUE);
INSERT INTO Lab_Inventory VALUES (null, "item9", "this is a cool item + 8", 5, FALSE, TRUE);
INSERT INTO Lab_Inventory VALUES (null, "item10", "this is a cool item + 9", 6, TRUE, FALSE);
INSERT INTO Lab_Inventory VALUES (null, "item11", "this is a cool item + 10", 7, TRUE, FALSE);

INSERT INTO Lab_Inventory VALUES (null, "item12", "this is a cool item + 7", 4, FALSE, FALSE);
INSERT INTO Lab_Inventory VALUES (null, "item13", "this is a cool item + 8", 5, FALSE, FALSE);
INSERT INTO Lab_Inventory VALUES (null, "item14", "this is a cool item + 9", 6, FALSE, FALSE);
INSERT INTO Lab_Inventory VALUES (null, "item15", "this is a cool item + 10", 7, FALSE, FALSE);

INSERT INTO Laser_Appointment VALUES (1, 1, "2000-06-15", "00:00:00", "23:59:00");


INSERT INTO Rented_Inventory VALUES (1, 1, "2019-01-01 00:00:00", null, FALSE);
INSERT INTO Rented_Inventory VALUES (1, 2, "2019-01-01 00:00:00", null, FALSE);
INSERT INTO Rented_Inventory VALUES (1, 3, "2019-01-01 00:00:00", null, FALSE);
INSERT INTO Rented_Inventory VALUES (1, 4, "2019-01-01 00:00:00", null, FALSE);
INSERT INTO Rented_Inventory VALUES (1, 5, "2019-01-01 00:00:00", null, FALSE);
INSERT INTO Rented_Inventory VALUES (1, 6, "2019-01-01 00:00:00", null, FALSE);
INSERT INTO Rented_Inventory VALUES (1, 7, "2019-01-01 00:00:00", null, FALSE);
INSERT INTO Rented_Inventory VALUES (1, 8, "2019-01-01 00:00:00", null, FALSE);
INSERT INTO Rented_Inventory VALUES (1, 9, "2019-01-01 00:00:00", null, FALSE);


INSERT INTO Session VALUES (1, "2000-06-15 09:15:00");


INSERT INTO FAQ VALUES (null, "Is the lab open on sundays?", "No, the lab is closed on sundays.");
INSERT INTO FAQ VALUES (null, "Are you open game days", "We are typically not open on game days. Always ask to make sure.");
INSERT INTO FAQ VALUES (null, "Do you guys supply material?", "No, we do not. Everyone brings their own materials.");

INSERT INTO Lab_Hours VALUES ("00:00:00", "18:00:00", "00:00:00", "18:00:00", "00:00:00", "18:00:00", "00:00:00", "18:00:00", "00:00:00", "18:00:00", "00:00:00", "18:00:00", "00:00:00", "18:00:00");


INSERT INTO Appointment_Hours VALUES ("18:00:00", "22:00:00", "18:00:00", "22:00:00", "18:00:00", "22:00:00", "18:00:00", "22:00:00", "18:00:00", "22:00:00", "18:00:00", "22:00:00", "18:00:00", "22:00:00");


INSERT INTO Machine VALUES (null, "machine_fancy_laser", "Laser Cutter", "has some restrictions", "2010-01-01 00:00:00", "Working");
INSERT INTO Machine VALUES (null, "machine_fancy_laser", "Laser Cutter", "has some restrictions", "2018-09-01 00:00:00", "Working");
INSERT INTO Machine VALUES (null, "Fortus 270", "3D Printer", "Only use ABS material", "2016-01-01 00:00:00", "Working");
INSERT INTO Machine VALUES (null, "Dimension", "3D Printer", "  ", "2016-01-01 00:00:00", "Working");


INSERT INTO 3DPrint_Queue VALUES (null, 1, 1, 1, CURDATE(), NOW(), "02:00:00", "Waiting", "part_name", "path/to/file.txt", 1.0, 1.0, "coolstuff", "coolstuff2", "P O O P B O I S");

INSERT INTO Laser_Queue VALUES (null, 1, 1, 1, CURDATE(), NOW(), "01:20:00", "Waiting");
INSERT INTO Laser_Queue VALUES (null, 1, 2, 1, CURDATE(), NOW(), "00:30:05", "Waiting");
INSERT INTO Laser_Queue VALUES (null, 1, 1, 1, CURDATE(), NOW(), "00:40:00", "Waiting");
INSERT INTO Laser_Queue VALUES (null, 1, 3, 1, CURDATE(), NOW(), "01:20:00", "Waiting");
INSERT INTO Laser_Queue VALUES (null, 1, 3, 2, CURDATE(), NOW(), "00:30:05", "Waiting");
INSERT INTO Laser_Queue VALUES (null, 1, 5, 1, CURDATE(), NOW(), "00:40:00", "Waiting");
INSERT INTO Laser_Queue VALUES (null, 1, 6, 3, CURDATE(), NOW(), "01:20:00", "Waiting");
INSERT INTO Laser_Queue VALUES (null, 1, 7, 3, CURDATE(), NOW(), "00:30:05", "Waiting");
INSERT INTO Laser_Queue VALUES (null, 1, 8, 3, CURDATE(), NOW(), "00:40:00", "Waiting");



INSERT INTO 3DMaterial VALUES ("coolstuff", 5.0, VURDATE(), 3);
INSERT INTO 3DMaterial VALUES ("coolstuff2", 6.0, CURDATE(), 2);
INSERT INTO 3DMaterial Values ("ABS - Blue", 250.0, "2018-09-01", 3);
INSERT INTO 3DMaterial Values ("ABS - Green", 300.0, CURDATE(), 3);
INSERT INTO 3DMaterial Values ("PLA", 500.0, CURDATE(), 3);

INSERT INTO 3DMaterial_Graph VALUES ("coolstuff", CURTIME(), CURTIME(), 2.0);
Select SLEEP(1);
INSERT INTO 3DMaterial_Graph VALUES ("coolstuff2", CURTIME(), CURTIME(), 4.0);
Select SLEEP(1);
INSERT INTO 3DMaterial_Graph VALUES ("ABS - Blue", "2018-09-01", CURTIME(), 247.0);
Select SLEEP(1);
INSERT INTO 3DMaterial_Graph VALUES ("ABS - Blue", "2018-09-09", CURTIME(), 237.0);
Select SLEEP(1);
INSERT INTO 3DMaterial_Graph VALUES ("ABS - Blue", "2018-09-10", CURTIME(), 221.3);
Select SLEEP(1);
INSERT INTO 3DMaterial_Graph VALUES ("ABS - Blue", "2018-09-10", CURTIME(), 217.7);
Select SLEEP(1);
INSERT INTO 3DMaterial_Graph VALUES ("ABS - Blue", "2018-09-10", CURTIME(), 212.5);
Select SLEEP(1);
INSERT INTO 3DMaterial_Graph VALUES ("ABS - Blue", "2018-09-11", CURTIME(), 206.5);
Select SLEEP(1);
INSERT INTO 3DMaterial_Graph VALUES ("ABS - Blue", "2018-09-11", CURTIME(), 200.5);
Select SLEEP(1);
INSERT INTO 3DMaterial_Graph VALUES ("ABS - Blue", "2018-09-12", CURTIME(), 194.9);
Select SLEEP(1);
INSERT INTO 3DMaterial_Graph VALUES ("ABS - Blue", "2018-09-12", CURTIME(), 190.1);
Select SLEEP(1);
INSERT INTO 3DMaterial_Graph VALUES ("ABS - Blue", "2018-09-12", CURTIME(), 184.8);
Select SLEEP(1);
INSERT INTO 3DMaterial_Graph VALUES ("ABS - Blue", "2018-09-13", CURTIME(), 206.5);
Select SLEEP(1);
INSERT INTO 3DMaterial_Graph VALUES ("ABS - Blue", "2018-09-14", CURTIME(), 200.5);
Select SLEEP(1);
INSERT INTO 3DMaterial_Graph VALUES ("ABS - Blue", "2018-09-14", CURTIME(), 194.9);
Select SLEEP(1);
INSERT INTO 3DMaterial_Graph VALUES ("ABS - Blue", "2018-09-14", CURTIME(), 190.1);
Select SLEEP(1);
INSERT INTO 3DMaterial_Graph VALUES ("ABS - Blue", "2018-09-14", CURTIME(), 184.8);

Select SLEEP(1);
INSERT INTO 3DMaterial_Graph VALUES ("ABS - Blue", "2018-09-15", CURTIME(), 183.9);
Select SLEEP(1);
INSERT INTO 3DMaterial_Graph VALUES ("ABS - Blue", "2018-09-16", CURTIME(), 175.1);
Select SLEEP(1);
INSERT INTO 3DMaterial_Graph VALUES ("ABS - Blue", "2018-09-19", CURTIME(), 168.8);
Select SLEEP(1);
INSERT INTO 3DMaterial_Graph VALUES ("ABS - Blue", "2018-09-19", CURTIME(), 160.5);
Select SLEEP(1);
INSERT INTO 3DMaterial_Graph VALUES ("ABS - Blue", "2018-09-19", CURTIME(), 154.5);
Select SLEEP(1);
INSERT INTO 3DMaterial_Graph VALUES ("ABS - Blue", "2018-09-19", CURTIME(), 150.9);
Select SLEEP(1);
INSERT INTO 3DMaterial_Graph VALUES ("ABS - Blue", "2018-09-20", CURTIME(), 143.1);
Select SLEEP(1);
INSERT INTO 3DMaterial_Graph VALUES ("ABS - Blue", "2018-09-20", CURTIME(), 142.8);

Select SLEEP(1);
INSERT INTO 3DMaterial_Graph VALUES ("ABS - Blue", "2018-09-26", CURTIME(), 141.9);
Select SLEEP(1);
INSERT INTO 3DMaterial_Graph VALUES ("ABS - Blue", "2018-09-26", CURTIME(), 140.1);
Select SLEEP(1);
INSERT INTO 3DMaterial_Graph VALUES ("ABS - Blue", "2018-09-27", CURTIME(), 135.8);
Select SLEEP(1);
INSERT INTO 3DMaterial_Graph VALUES ("ABS - Blue", "2018-09-27", CURTIME(), 132.5);
Select SLEEP(1);
INSERT INTO 3DMaterial_Graph VALUES ("ABS - Blue", "2018-09-29", CURTIME(), 130.5);
Select SLEEP(1);
INSERT INTO 3DMaterial_Graph VALUES ("ABS - Blue", "2018-09-30", CURTIME(), 128.9);
Select SLEEP(1);
INSERT INTO 3DMaterial_Graph VALUES ("ABS - Blue", "2018-09-30", CURTIME(), 122.1);
Select SLEEP(1);
INSERT INTO 3DMaterial_Graph VALUES ("ABS - Blue", "2018-09-30", CURTIME(), 120.8);
Select SLEEP(1);



INSERT INTO Message VALUES (null, "message1", "is this a message?");
INSERT INTO Message VALUES (null, "message2", "it cannot be a message");
INSERT INTO Message VALUES (null, "message3", "it is a message");
INSERT INTO Message VALUES (null, "message4", "'message', a haiku by message");

INSERT INTO Notification VALUES (1, 1, NOW(), false);
INSERT INTO Notification VALUES (1, 2, NOW(), false);
INSERT INTO Notification VALUES (1, 3, NOW(), false);
INSERT INTO Notification VALUES (1, 4, NOW(), false);
INSERT INTO Notification VALUES (2, 1, NOW(), false);
INSERT INTO Notification VALUES (2, 2, NOW(), false);
INSERT INTO Notification VALUES (2, 3, NOW(), false);
INSERT INTO Notification VALUES (2, 4, NOW(), false);

INSERT INTO Laser_Configuration (material, tech_id, thickness, task, power, speed, ppi, notes) VALUES ("acrylic", 1, 0.22, "cut", 100, 1, 1000, "keep an eye out");
INSERT INTO Laser_Configuration (material, tech_id, thickness, task, power, speed, ppi, notes) VALUES ("acrylic", 1, 0.22, "engrave", 100, 100, 1000, "keep an eye out");
INSERT INTO Laser_Configuration (material, tech_id, thickness, task, power, speed, ppi, notes) VALUES ("plywood", 1, 0.22, "cut", 100, 1.8, 1000, "keep an eye out");
INSERT INTO Laser_Configuration (material, tech_id, thickness, task, power, speed, ppi, notes) VALUES ("acrylic", 1, 0.22, "cut", 100, 50, 1000, "keep an eye out");